-- 실습문제 --
-- 도서관리 프로그램을 만들기 위한 테이블들 만들기 --
-- 이때, 제약조건에 이름을 부여할 것 
--      각 컬럼에 주석달기



-- 출판사들에 대한 데이터를 담기위한 출판사 테이블(TB_PUBLISHER) 
-- 컬럼 : PUB_NO(출판사번호) -- 기본키(PUBLISHER_PK)
--        PUB_NAME(출판사명) -- NOT NULL(PUBLISHER_NN)
--        PHONE(출판사전화번호) -- 제약조건 없음

-- 3개 정도의 샘플 데이터 추가하기
CREATE TABLE TB_PUBLISHER (
PUB_NO NUMBER CONSTRAINT PUBLISHER_PK PRIMARY KEY,
PUB_NAME VARCHAR2(20) CONSTRAINT PUBLISHER_NN NOT NULL,
PHONE VARCHAR2(15)
);
SELECT * FROM TB_PUBLISHER;
COMMENT ON COLUMN TB_PUBLISHER.PUB_NO IS '출판사번호';
COMMENT ON COLUMN TB_PUBLISHER.PUB_NAME IS '출판사명';
COMMENT ON COLUMN TB_PUBLISHER.PHONE IS '출판사전화번호';

INSERT INTO TB_PUBLISHER VALUES(1,'한빛','010-1234-0930');
INSERT INTO TB_PUBLISHER VALUES(2,'자빛','010-3214-9827');
INSERT INTO TB_PUBLISHER VALUES(3,'코빅','010-7834-0984');

-- 도서들에 대한 데이터를 담기위한 도서 테이블(TB_BOOK)
-- 컬럼 : BK_NO (도서번호) -- 기본키(BOOK_PK)
--        BK_TITLE (도서명) -- NOT NULL(BOOK_NN_TITLE)
--        BK_AUTHOR(저자명) -- NOT NULL(BOOK_NN_AUTHOR)
--        BK_PRICE(가격)
--        BK_PUB_NO(출판사번호) -- 외래키(BOOK_FK) (TB_PUBLISHER 테이블을 참조하도록)
--                                  이때 참조하고 있는 부모데이터 삭제 시 자식 데이터도 삭제 되도록 옵션 지정

-- 5개 정도의 샘플 데이터 추가하기
CREATE TABLE TB_BOOK(
BK_NO NUMBER CONSTRAINT BOOK_PK PRIMARY KEY,
BK_TITLE VARCHAR2(100) CONSTRAINT BOOK_NN_TITLE NOT NULL,
BK_AUTHOR VARCHAR2(20) CONSTRAINT BOOK_NN_AUTHOR NOT NULL,
BK_PRICE VARCHAR2(10),
BK_PUB_NO NUMBER CONSTRAINT BOOK_FK REFERENCES TB_PUBLISHER(PUB_NO) ON DELETE CASCADE
);

COMMENT ON COLUMN TB_BOOK.BK_NO IS '도서번호';
COMMENT ON COLUMN TB_BOOK.BK_TITLE IS '도서명';
COMMENT ON COLUMN TB_BOOK.BK_AUTHOR IS '저자명';
COMMENT ON COLUMN TB_BOOK.BK_PRICE IS '가격';
COMMENT ON COLUMN TB_BOOK.BK_PUB_NO IS '출판사번호';

INSERT INTO TB_BOOK VALUES (1,'나무나무','브라운','23,000','1');
INSERT INTO TB_BOOK VALUES (2,'그루그루','마이클','21,650','2');
INSERT INTO TB_BOOK VALUES (3,'행복한 하루','김연경','24,500','1');
INSERT INTO TB_BOOK VALUES (4,'왜그래','김그루','15,090','3');
INSERT INTO TB_BOOK VALUES (5,'호랭이','홍길동','12,400','2');

SELECT * FROM TB_BOOK;


-- 회원에 대한 데이터를 담기위한 회원 테이블 (TB_MEMBER)
-- 컬럼명 : MEMBER_NO(회원번호) -- 기본키(MEMBER_PK)
--         MEMBER_ID(아이디)   -- 중복금지(MEMBER_UQ)
--         MEMBER_PWD(비밀번호) -- NOT NULL(MEMBER_NN_PWD)
--         MEMBER_NAME(회원명) -- NOT NULL(MEMBER_NN_NAME)
--         GENDER(성별)        -- 'M' 또는 'F'로 입력되도록 제한(MEMBER_CK_GEN)
--         ADDRESS(주소)       
--         PHONE(연락처)       
--         STATUS(탈퇴여부)     -- 기본값으로 'N'  그리고 'Y' 혹은 'N'으로만 입력되도록 제약조건(MEMBER_CK_STA)
--         ENROLL_DATE(가입일)  -- 기본값으로 SYSDATE, NOT NULL 제약조건(MEMBER_NN_EN)

-- 5개 정도의 샘플 데이터 추가하기
CREATE TABLE TB_MEMBER(
MEMBER_NO NUMBER CONSTRAINT MEMBER_PK PRIMARY KEY,
MEMBER_ID VARCHAR2(20) CONSTRAINT MEMBER_UQ UNIQUE,
MEMBER_PWD VARCHAR2(20) CONSTRAINT MEMBER_NN_PWD NOT NULL,
MEMBER_NAME VARCHAR2(20) CONSTRAINT MEMBER_NN_NAME NOT NULL,
GENDER CHAR(3)CONSTRAINT MEMBER_CK_GEN CHECK(GENDER IN('M','F')),
ADDRESS VARCHAR2(50),
PHONE VARCHAR2(15),
STATUS CHAR(1) DEFAULT 'N' CONSTRAINT MEMBER_CK_STA CHECK(STATUS IN('Y','N')), 
ENROLL_DATE DATE DEFAULT SYSDATE CONSTRAINT MEMBER_NN_EN NOT NULL
);

COMMENT ON COLUMN TB_MEMBER.MEMBER_NO IS '회원번호';
COMMENT ON COLUMN TB_MEMBER.MEMBER_ID IS '아이디';
COMMENT ON COLUMN TB_MEMBER.MEMBER_PWD IS '비밀번호';
COMMENT ON COLUMN TB_MEMBER.MEMBER_NAME IS '회원명';
COMMENT ON COLUMN TB_MEMBER.GENDER IS '성별';
COMMENT ON COLUMN TB_MEMBER.ADDRESS IS '주소';
COMMENT ON COLUMN TB_MEMBER.PHONE IS '회원전화번호';
COMMENT ON COLUMN TB_MEMBER.STATUS IS '탈퇴여부';
COMMENT ON COLUMN TB_MEMBER.ENROLL_DATE IS '가입일';

INSERT INTO TB_MEMBER VALUES(1,'user01','pass01','홍길동','M','서울시 노원구 월계동','010-1234-9483',DEFAULT,'2020-07-15');
INSERT INTO TB_MEMBER(MEMBER_NO,MEMBER_ID,MEMBER_PWD,MEMBER_NAME,GENDER,ADDRESS, PHONE) 
VALUES(2,'user02','pass02','김말동','F','구리시 토평동','010-8394-0980');

INSERT INTO TB_MEMBER(MEMBER_NO,MEMBER_ID,MEMBER_PWD,MEMBER_NAME,GENDER,ADDRESS, PHONE) 
VALUES(3,'user03','pass03','김홍진','M','구리시 인게동','010-8114-0980');

INSERT INTO TB_MEMBER(MEMBER_NO,MEMBER_ID,MEMBER_PWD,MEMBER_NAME,GENDER,ADDRESS, PHONE) 
VALUES(4,'user04','pass04','어진아','F','서울시 광진구 구의3동','010-4214-0090');

INSERT INTO TB_MEMBER(MEMBER_NO,MEMBER_ID,MEMBER_PWD,MEMBER_NAME,GENDER,ADDRESS, PHONE) 
VALUES(5,'user05','pass05','홍진아','F','서울시 천호동 ','010-4225-0955');


SELECT * FROM TB_MEMBER;

-- 어떤 회원이 어떤 도서를 대여했는지에 대한  대여목록 테이블(TB_RENT)
-- 컬럼 : RENT_NO(대여번호) -- 기본키(RENT_PK)
--        RENT_MEM_NO(대여회원번호) -- 외래키(RENT_FK_MEM)  TB_MEMBER와 참조하도록
--                                     이때 부모 데이터 삭제시 자식 데이터 값이 NULL이 되도록 옵션 설정
--        RENT_BOOK_NO(대여도서번호) -- 외래키(RENT_FK_BOOK)  TB_BOOK와 참조하도록
--                                      이때 부모 데이터 삭제시 자식 데이터 값이 NULL값이 되도록 옵션 설정
--        RENT_DATE(대여일) -- 기본값 SYSDATE

-- 샘플데이터 3개 정도  추가하기

CREATE TABLE TB_RENT(
RENT_NO NUMBER CONSTRAINT RENT_PK PRIMARY KEY,
RENT_MEM_NO NUMBER CONSTRAINT RENT_MEM_NO_NN REFERENCES TB_MEMBER ON DELETE SET NULL,
RENT_BOOK_NO NUMBER CONSTRAINT RENT_BOOK_NO_NN REFERENCES TB_BOOK ON DELETE SET NULL,
RENT_DATE DATE DEFAULT SYSDATE
);

COMMENT ON COLUMN TB_RENT.RENT_NO IS '대여번호';
COMMENT ON COLUMN TB_RENT.RENT_MEM_NO IS '대여회원번호';
COMMENT ON COLUMN TB_RENT.RENT_BOOK_NO IS '대여도서번호';
COMMENT ON COLUMN TB_RENT.RENT_DATE IS '대여일';

INSERT INTO TB_RENT(RENT_NO,RENT_MEM_NO,RENT_BOOK_NO) VALUES(1, 1, 1);
INSERT INTO TB_RENT(RENT_NO,RENT_MEM_NO,RENT_BOOK_NO) VALUES(2, 1, 3);
INSERT INTO TB_RENT(RENT_NO,RENT_MEM_NO,RENT_BOOK_NO) VALUES(3, 2, 1);

SELECT * FROM TB_RENT;





